Locus,Allele,Percent of haplotypes,Phenotype frequency,allele_nomenclature
DRB1,DRB1*0101,2.8,5.4,DRB1*01:01
DRB1,DRB1*0301,7.1,13.7,DRB1*03:01
DRB1,DRB1*0401,2.3,4.6,DRB1*04:01
DRB1,DRB1*0405,3.1,6.2,DRB1*04:05
DRB1,DRB1*0701,7.0,13.5,DRB1*07:01
DRB1,DRB1*0802,2.5,4.9,DRB1*08:02
DRB1,DRB1*0901,3.1,6.2,DRB1*09:01
DRB1,DRB1*1101,6.1,11.8,DRB1*11:01
DRB1,DRB1*1201,2.0,3.9,DRB1*12:01
DRB1,DRB1*1302,3.9,7.7,DRB1*13:02
DRB1,DRB1*1501,6.3,12.2,DRB1*15:01
DRB3/4/5,DRB3*0101,14.0,26.1,DRB3*01:01
DRB3/4/5,DRB3*0202,18.9,34.3,DRB3*02:02
DRB3/4/5,DRB4*0101,23.7,41.8,DRB4*01:01
DRB3/4/5,DRB5*0101,8.3,16.0,DRB5*01:01
DQA1/DQB1,DQA1*0501/DQB1*0201,5.8,11.3,DQA1*05:01-DQB1*02:01
DQA1/DQB1,DQA1*0501/DQB1*0301,19.5,35.1,DQA1*05:01-DQB1*03:01
DQA1/DQB1,DQA1*0301/DQB1*0302,10.0,19.0,DQA1*03:01-DQB1*03:02
DQA1/DQB1,DQA1*0401/DQB1*0402,6.6,12.8,DQA1*04:01-DQB1*04:02
DQA1/DQB1,DQA1*0101/DQB1*0501,7.6,14.6,DQA1*01:01-DQB1*05:01
DQA1/DQB1,DQA1*0102/DQB1*0602,7.6,14.6,DQA1*01:02-DQB1*06:02
